[{"id":"user-image-photo-1627482265910-5c0ff6bee088.jpeg","fileName":"photo-1627482265910-5c0ff6bee088.jpeg","name":"photo-1627482265910-5c0ff6bee088","publicUrl":"https://assets.nicepagecdn.com/f68ef07e/6588400/images/photo-1627482265910-5c0ff6bee088.jpeg","size":121846,"hash":"1ZUIz1PC8+HVUvuwQrj+IuWSjpU=","width":1080,"height":627,"folderId":null,"thumbnail":{"url":"https://assets.nicepagecdn.com/f68ef07e/6588400/images/thumbnails/photo-1627482265910-5c0ff6bee088.jpeg","width":150,"height":87},"usages":["27977707"]},{"id":"user-image-photo-1711533522738-77b6f9142fdc.jpeg","fileName":"photo-1711533522738-77b6f9142fdc.jpeg","name":"photo-1711533522738-77b6f9142fdc","publicUrl":"https://assets.nicepagecdn.com/f68ef07e/6588400/images/photo-1711533522738-77b6f9142fdc.jpeg","size":161515,"hash":"eRHoBMt6PlmyEJTXTU/5OBw5Ywc=","width":1080,"height":720,"folderId":null,"thumbnail":{"url":"https://assets.nicepagecdn.com/f68ef07e/6588400/images/thumbnails/photo-1711533522738-77b6f9142fdc.jpeg","width":150,"height":100},"usages":["187772493"]},{"id":"user-image-photo-1617937381230-824196825a11.jpeg","fileName":"photo-1617937381230-824196825a11.jpeg","name":"photo-1617937381230-824196825a11","publicUrl":"https://assets.nicepagecdn.com/f68ef07e/6588400/images/photo-1617937381230-824196825a11.jpeg","size":30267,"hash":"/FdD/hZJITa80joVFfJMKuDWUVo=","width":1080,"height":720,"folderId":null,"thumbnail":{"url":"https://assets.nicepagecdn.com/f68ef07e/6588400/images/thumbnails/photo-1617937381230-824196825a11.jpeg","width":150,"height":100},"originalUrl":"https://images.unsplash.com/photo-1617937381230-824196825a11?crop=entropy&cs=tinysrgb&fit=max&fm=jpg&ixid=M3w1NzgzNjl8MHwxfGNvbGxlY3Rpb258N3xzSU5wcDM4bkVRRXx8fHx8Mnx8MTc2MzA0OTMyM3w&ixlib=rb-4.1.0&q=80&w=1080","usages":["187772493"]},{"id":"user-image-photo-1692220808381-7e8a71727c6b.jpeg","fileName":"photo-1692220808381-7e8a71727c6b.jpeg","name":"photo-1692220808381-7e8a71727c6b","publicUrl":"https://assets.nicepagecdn.com/f68ef07e/6588400/images/photo-1692220808381-7e8a71727c6b.jpeg","size":215662,"hash":"4ZCXgf7nIKlazWGiHOWPl71VYgE=","width":1080,"height":1620,"folderId":null,"thumbnail":{"url":"https://assets.nicepagecdn.com/f68ef07e/6588400/images/thumbnails/photo-1692220808381-7e8a71727c6b.jpeg","width":100,"height":150},"originalUrl":"https://images.unsplash.com/photo-1692220808381-7e8a71727c6b?crop=entropy&cs=tinysrgb&fit=max&fm=jpg&ixid=M3w1NzgzNjl8MHwxfGNvbGxlY3Rpb258NXxzSU5wcDM4bkVRRXx8fHx8Mnx8MTc2MzA0OTMyM3w&ixlib=rb-4.1.0&q=80&w=1080","usages":["187772493"]},{"id":"user-image-photo-1669929382559-6367a287493c.jpeg","fileName":"photo-1669929382559-6367a287493c.jpeg","name":"photo-1669929382559-6367a287493c","publicUrl":"https://assets.nicepagecdn.com/f68ef07e/6588400/images/photo-1669929382559-6367a287493c.jpeg","size":231598,"hash":"xd2OkpCsesmib4YLzsRVqj1xAOg=","width":1080,"height":724,"folderId":null,"thumbnail":{"url":"https://assets.nicepagecdn.com/f68ef07e/6588400/images/thumbnails/photo-1669929382559-6367a287493c.jpeg","width":150,"height":101},"originalUrl":"https://images.unsplash.com/photo-1669929382559-6367a287493c?crop=entropy&cs=tinysrgb&fit=max&fm=jpg&ixid=M3w1NzgzNjl8MHwxfGNvbGxlY3Rpb258NnxzSU5wcDM4bkVRRXx8fHx8Mnx8MTc2MzA0OTMyM3w&ixlib=rb-4.1.0&q=80&w=1080","usages":[]},{"id":"user-image-photo-1623143445418-40c192fa3d11.jpeg","fileName":"photo-1623143445418-40c192fa3d11.jpeg","name":"photo-1623143445418-40c192fa3d11","publicUrl":"https://assets.nicepagecdn.com/f68ef07e/6588400/images/photo-1623143445418-40c192fa3d11.jpeg","size":65448,"hash":"97xqltUKIAg1DzyKtur0Wi1dXyU=","width":1080,"height":1620,"folderId":null,"thumbnail":{"url":"https://assets.nicepagecdn.com/f68ef07e/6588400/images/thumbnails/photo-1623143445418-40c192fa3d11.jpeg","width":100,"height":150},"originalUrl":"https://images.unsplash.com/photo-1623143445418-40c192fa3d11?crop=entropy&cs=tinysrgb&fit=max&fm=jpg&ixid=M3w1NzgzNjl8MHwxfGNvbGxlY3Rpb258OHxzSU5wcDM4bkVRRXx8fHx8Mnx8MTc2MzA0OTMyM3w&ixlib=rb-4.1.0&q=80&w=1080","usages":["187772493"]},{"id":"user-image-Screenshot2025-11-13194718.jpg","fileName":"Screenshot2025-11-13194718.jpg","name":"Screenshot2025-11-13194718","publicUrl":"https://assets.nicepagecdn.com/f68ef07e/6588400/images/Screenshot2025-11-13194718.jpg","size":152639,"hash":"+lqlK8v8J9PXj/3LvcT94ePBZr0=","width":1261,"height":521,"folderId":null,"thumbnail":{"url":"https://assets.nicepagecdn.com/f68ef07e/6588400/images/thumbnails/Screenshot2025-11-13194718.jpg","width":150,"height":62},"usages":[]},{"id":"user-image-photo-1748919430481-3614b5f9542b.jpeg","fileName":"photo-1748919430481-3614b5f9542b.jpeg","name":"photo-1748919430481-3614b5f9542b","publicUrl":"https://assets.nicepagecdn.com/f68ef07e/6588400/images/photo-1748919430481-3614b5f9542b.jpeg","size":163669,"hash":"Nt99LanP45kIAh/0NioUqbv1FQI=","width":1080,"height":1600,"folderId":null,"thumbnail":{"url":"https://assets.nicepagecdn.com/f68ef07e/6588400/images/thumbnails/photo-1748919430481-3614b5f9542b.jpeg","width":101,"height":150},"usages":["27977707"]},{"id":"user-image-photo-1706862609885-7771b001daa2.jpeg","fileName":"photo-1706862609885-7771b001daa2.jpeg","name":"photo-1706862609885-7771b001daa2","publicUrl":"https://assets.nicepagecdn.com/f68ef07e/6588400/images/photo-1706862609885-7771b001daa2.jpeg","size":111790,"hash":"COdSMvM3Y0//zao9GtE2M7vRUMA=","width":1080,"height":720,"folderId":null,"thumbnail":{"url":"https://assets.nicepagecdn.com/f68ef07e/6588400/images/thumbnails/photo-1706862609885-7771b001daa2.jpeg","width":150,"height":100},"usages":["1345125321"]},{"id":"user-image-photo-1727610542348-9636c3b65d2a.jpeg","fileName":"photo-1727610542348-9636c3b65d2a.jpeg","name":"photo-1727610542348-9636c3b65d2a","publicUrl":"https://assets.nicepagecdn.com/f68ef07e/6588400/images/photo-1727610542348-9636c3b65d2a.jpeg","size":160018,"hash":"Pv6OUld3dyclR9u+5PsZdPOg9dc=","width":1080,"height":581,"folderId":null,"thumbnail":{"url":"https://assets.nicepagecdn.com/f68ef07e/6588400/images/thumbnails/photo-1727610542348-9636c3b65d2a.jpeg","width":150,"height":81},"originalUrl":"https://images.unsplash.com/photo-1727610542348-9636c3b65d2a?crop=entropy&cs=tinysrgb&fit=max&fm=jpg&ixid=M3w1NzgzNjl8MHwxfHNlYXJjaHwyfHxIZWVydSUyMEdsb2JhbHxlbnwwfHx8fDE3NjMwNDY5MzV8MA&ixlib=rb-4.1.0&q=80&w=1080","usages":[]},{"id":"user-image-photo-1723306743371-38f6666be1a3.jpeg","fileName":"photo-1723306743371-38f6666be1a3.jpeg","name":"photo-1723306743371-38f6666be1a3","publicUrl":"https://assets.nicepagecdn.com/f68ef07e/6588400/images/photo-1723306743371-38f6666be1a3.jpeg","size":123351,"hash":"H7pYDkWHnPP/YDWnTm/2t1Tb+tM=","width":1080,"height":713,"folderId":null,"thumbnail":{"url":"https://assets.nicepagecdn.com/f68ef07e/6588400/images/thumbnails/photo-1723306743371-38f6666be1a3.jpeg","width":150,"height":99},"originalUrl":"https://images.unsplash.com/photo-1723306743371-38f6666be1a3?crop=entropy&cs=tinysrgb&fit=max&fm=jpg&ixid=M3w1NzgzNjl8MHwxfHNlYXJjaHwzfHxIZWVydSUyMEdsb2JhbHxlbnwwfHx8fDE3NjMwNDY5MzV8MA&ixlib=rb-4.1.0&q=80&w=1080","usages":[]},{"id":"user-image-photo-1723853310542-a9d2d84f5fa2.jpeg","fileName":"photo-1723853310542-a9d2d84f5fa2.jpeg","name":"photo-1723853310542-a9d2d84f5fa2","publicUrl":"https://assets.nicepagecdn.com/f68ef07e/6588400/images/photo-1723853310542-a9d2d84f5fa2.jpeg","size":93473,"hash":"7/t1apYoO/1DQrG4UFdWKZ/MmkI=","width":1080,"height":716,"folderId":null,"thumbnail":{"url":"https://assets.nicepagecdn.com/f68ef07e/6588400/images/thumbnails/photo-1723853310542-a9d2d84f5fa2.jpeg","width":150,"height":99},"originalUrl":"https://images.unsplash.com/photo-1723853310542-a9d2d84f5fa2?crop=entropy&cs=tinysrgb&fit=max&fm=jpg&ixid=M3w1NzgzNjl8MHwxfHNlYXJjaHwxfHxIZWVydSUyMEdsb2JhbHxlbnwwfHx8fDE3NjMwNDY5MzV8MA&ixlib=rb-4.1.0&q=80&w=1080","usages":[]},{"id":"user-image-photo-1669950200208-c8a60cd1d8de.jpeg","fileName":"photo-1669950200208-c8a60cd1d8de.jpeg","name":"photo-1669950200208-c8a60cd1d8de","publicUrl":"https://assets.nicepagecdn.com/f68ef07e/6588400/images/photo-1669950200208-c8a60cd1d8de.jpeg","size":62842,"hash":"uH7ZlSetU+igOxzyrvdOfmMcxu4=","width":1080,"height":675,"folderId":null,"thumbnail":{"url":"https://assets.nicepagecdn.com/f68ef07e/6588400/images/thumbnails/photo-1669950200208-c8a60cd1d8de.jpeg","width":150,"height":94},"originalUrl":"https://images.unsplash.com/photo-1669950200208-c8a60cd1d8de?crop=entropy&cs=tinysrgb&fit=max&fm=jpg&ixid=M3w1NzgzNjl8MHwxfHNlYXJjaHw0fHxIZWVydSUyMEdsb2JhbHxlbnwwfHx8fDE3NjMwNDY5MzV8MA&ixlib=rb-4.1.0&q=80&w=1080","usages":[]},{"id":"user-image-photo-1707077865701-2854996afc4f.jpeg","fileName":"photo-1707077865701-2854996afc4f.jpeg","name":"photo-1707077865701-2854996afc4f","publicUrl":"https://assets.nicepagecdn.com/f68ef07e/6588400/images/photo-1707077865701-2854996afc4f.jpeg","size":123494,"hash":"6VjeL3IQ4v5FdLKMEV0qpFieu3k=","width":1080,"height":767,"folderId":null,"thumbnail":{"url":"https://assets.nicepagecdn.com/f68ef07e/6588400/images/thumbnails/photo-1707077865701-2854996afc4f.jpeg","width":150,"height":107},"usages":["252116095"]},{"id":"user-image-photo-1423784346385-c1d4dac9893a.jpeg","fileName":"photo-1423784346385-c1d4dac9893a.jpeg","name":"photo-1423784346385-c1d4dac9893a","publicUrl":"https://assets.nicepagecdn.com/f68ef07e/6588400/images/photo-1423784346385-c1d4dac9893a.jpeg","size":18900,"hash":"YGTe5ccC23u3Wc61g71B70wxA3Y=","width":1080,"height":720,"folderId":null,"thumbnail":{"url":"https://assets.nicepagecdn.com/f68ef07e/6588400/images/thumbnails/photo-1423784346385-c1d4dac9893a.jpeg","width":150,"height":100},"usages":["252116095"]},{"id":"user-image-3800f7384ca32fb48ac72de11c8c3ae4d2341d55d663461d4fa3610ddcf69285da3ec00bd39313f4fc9c3ec92b6987140539d47093f90c7d3b14ad_1280.jpg","fileName":"3800f7384ca32fb48ac72de11c8c3ae4d2341d55d663461d4fa3610ddcf69285da3ec00bd39313f4fc9c3ec92b6987140539d47093f90c7d3b14ad_1280.jpg","name":"3800f7384ca32fb48ac72de11c8c3ae4d2341d55d663461d4fa3610ddcf69285da3ec00bd39313f4fc9c3ec92b6987140539d47093f90c7d3b14ad_1280","publicUrl":"https://assets.nicepagecdn.com/f68ef07e/6588400/images/3800f7384ca32fb48ac72de11c8c3ae4d2341d55d663461d4fa3610ddcf69285da3ec00bd39313f4fc9c3ec92b6987140539d47093f90c7d3b14ad_1280.jpg","size":514205,"hash":"nSQZhPIL6gK4kAcNnO8j3C4cJf4=","width":1280,"height":853,"folderId":null,"thumbnail":{"url":"https://assets.nicepagecdn.com/f68ef07e/6588400/images/thumbnails/3800f7384ca32fb48ac72de11c8c3ae4d2341d55d663461d4fa3610ddcf69285da3ec00bd39313f4fc9c3ec92b6987140539d47093f90c7d3b14ad_1280.jpg","width":150,"height":100},"usages":["903126078"]},{"id":"user-image-dbac578f8ee8154d9e42137d4547208afb3a4999fd665c669244ac831d31138ce3ac64f01645d5fface3df65fe2459ee5b857f2cf98e45ea653fda_1280.jpg","fileName":"dbac578f8ee8154d9e42137d4547208afb3a4999fd665c669244ac831d31138ce3ac64f01645d5fface3df65fe2459ee5b857f2cf98e45ea653fda_1280.jpg","name":"dbac578f8ee8154d9e42137d4547208afb3a4999fd665c669244ac831d31138ce3ac64f01645d5fface3df65fe2459ee5b857f2cf98e45ea653fda_1280","publicUrl":"https://assets.nicepagecdn.com/f68ef07e/6588400/images/dbac578f8ee8154d9e42137d4547208afb3a4999fd665c669244ac831d31138ce3ac64f01645d5fface3df65fe2459ee5b857f2cf98e45ea653fda_1280.jpg","size":463307,"hash":"GMD2p2AcQzemnSYIH/fXLMDO0kc=","width":1280,"height":853,"folderId":null,"thumbnail":{"url":"https://assets.nicepagecdn.com/f68ef07e/6588400/images/thumbnails/dbac578f8ee8154d9e42137d4547208afb3a4999fd665c669244ac831d31138ce3ac64f01645d5fface3df65fe2459ee5b857f2cf98e45ea653fda_1280.jpg","width":150,"height":100},"usages":["903126078"]},{"id":"user-image-d0678c7d8c4c9727c529c988145f1f1344c1f8967a64136e34b9e1ea9be21a19ddea2c041bb48201331ae737da74cf6ad081a15177a5bcf70866fe_1280.jpg","fileName":"d0678c7d8c4c9727c529c988145f1f1344c1f8967a64136e34b9e1ea9be21a19ddea2c041bb48201331ae737da74cf6ad081a15177a5bcf70866fe_1280.jpg","name":"d0678c7d8c4c9727c529c988145f1f1344c1f8967a64136e34b9e1ea9be21a19ddea2c041bb48201331ae737da74cf6ad081a15177a5bcf70866fe_1280","publicUrl":"https://assets.nicepagecdn.com/f68ef07e/6588400/images/d0678c7d8c4c9727c529c988145f1f1344c1f8967a64136e34b9e1ea9be21a19ddea2c041bb48201331ae737da74cf6ad081a15177a5bcf70866fe_1280.jpg","size":321738,"hash":"xOD4S8XoqnOG5ZNXRbyvLvYlAHs=","width":1280,"height":853,"folderId":null,"thumbnail":{"url":"https://assets.nicepagecdn.com/f68ef07e/6588400/images/thumbnails/d0678c7d8c4c9727c529c988145f1f1344c1f8967a64136e34b9e1ea9be21a19ddea2c041bb48201331ae737da74cf6ad081a15177a5bcf70866fe_1280.jpg","width":150,"height":100},"usages":["903126078"]},{"id":"user-image-photo-1725305957827-cacebaa0db32.jpeg","fileName":"photo-1725305957827-cacebaa0db32.jpeg","name":"photo-1725305957827-cacebaa0db32","publicUrl":"https://assets.nicepagecdn.com/f68ef07e/6588400/images/photo-1725305957827-cacebaa0db32.jpeg","size":243136,"hash":"5tgUnoJ8GgYhvDMuIibcYQUDtos=","width":1080,"height":625,"folderId":null,"thumbnail":{"url":"https://assets.nicepagecdn.com/f68ef07e/6588400/images/thumbnails/photo-1725305957827-cacebaa0db32.jpeg","width":150,"height":87},"originalUrl":"https://images.unsplash.com/photo-1725305957827-cacebaa0db32?crop=entropy&cs=tinysrgb&fit=max&fm=jpg&ixid=M3w1NzgzNjl8MHwxfHNlYXJjaHw4fHxFeHBvcnRpbmd8ZW58MHx8fHwxNzYzMDQzODQ4fDA&ixlib=rb-4.1.0&q=80&w=1080","usages":[]},{"id":"user-image-photo-1731244976459-90252c24cc29.jpeg","fileName":"photo-1731244976459-90252c24cc29.jpeg","name":"photo-1731244976459-90252c24cc29","publicUrl":"https://assets.nicepagecdn.com/f68ef07e/6588400/images/photo-1731244976459-90252c24cc29.jpeg","size":329646,"hash":"hQmifoo5STllBH2IoNnTYa55JoQ=","width":1080,"height":720,"folderId":null,"thumbnail":{"url":"https://assets.nicepagecdn.com/f68ef07e/6588400/images/thumbnails/photo-1731244976459-90252c24cc29.jpeg","width":150,"height":100},"originalUrl":"https://images.unsplash.com/photo-1731244976459-90252c24cc29?crop=entropy&cs=tinysrgb&fit=max&fm=jpg&ixid=M3w1NzgzNjl8MHwxfHNlYXJjaHw3fHxFeHBvcnRpbmd8ZW58MHx8fHwxNzYzMDQzODQ4fDA&ixlib=rb-4.1.0&q=80&w=1080","usages":[]},{"id":"user-image-photo-1719678275096-70b51a7bc915.jpeg","fileName":"photo-1719678275096-70b51a7bc915.jpeg","name":"photo-1719678275096-70b51a7bc915","publicUrl":"https://assets.nicepagecdn.com/f68ef07e/6588400/images/photo-1719678275096-70b51a7bc915.jpeg","size":213058,"hash":"Fs8D+hS1Mvg/dIH86Xt6MeJI7jA=","width":1080,"height":720,"folderId":null,"thumbnail":{"url":"https://assets.nicepagecdn.com/f68ef07e/6588400/images/thumbnails/photo-1719678275096-70b51a7bc915.jpeg","width":150,"height":100},"originalUrl":"https://images.unsplash.com/photo-1719678275096-70b51a7bc915?crop=entropy&cs=tinysrgb&fit=max&fm=jpg&ixid=M3w1NzgzNjl8MHwxfHNlYXJjaHw0fHxFeHBvcnRpbmd8ZW58MHx8fHwxNzYzMDQzODQ4fDA&ixlib=rb-4.1.0&q=80&w=1080","usages":[]},{"id":"user-image-photo-1759888107096-916fbd3eaf25.jpeg","fileName":"photo-1759888107096-916fbd3eaf25.jpeg","name":"photo-1759888107096-916fbd3eaf25","publicUrl":"https://assets.nicepagecdn.com/f68ef07e/6588400/images/photo-1759888107096-916fbd3eaf25.jpeg","size":285389,"hash":"g74QTBId0+drp67bzkW4bprLBC8=","width":1080,"height":1920,"folderId":null,"thumbnail":{"url":"https://assets.nicepagecdn.com/f68ef07e/6588400/images/thumbnails/photo-1759888107096-916fbd3eaf25.jpeg","width":84,"height":150},"originalUrl":"https://images.unsplash.com/photo-1759888107096-916fbd3eaf25?crop=entropy&cs=tinysrgb&fit=max&fm=jpg&ixid=M3w1NzgzNjl8MHwxfHNlYXJjaHwxMHx8RXhwb3J0aW5nfGVufDB8fHx8MTc2MzA0Mzg0OHww&ixlib=rb-4.1.0&q=80&w=1080","usages":[]},{"id":"user-image-photo-1651176575065-a370ce8da506.jpeg","fileName":"photo-1651176575065-a370ce8da506.jpeg","name":"photo-1651176575065-a370ce8da506","publicUrl":"https://assets.nicepagecdn.com/f68ef07e/6588400/images/photo-1651176575065-a370ce8da506.jpeg","size":309206,"hash":"N4RYcwJj0Sbs5I56OUie+3x6PVE=","width":1080,"height":1418,"folderId":null,"thumbnail":{"url":"https://assets.nicepagecdn.com/f68ef07e/6588400/images/thumbnails/photo-1651176575065-a370ce8da506.jpeg","width":114,"height":150},"originalUrl":"https://images.unsplash.com/photo-1651176575065-a370ce8da506?crop=entropy&cs=tinysrgb&fit=max&fm=jpg&ixid=M3w1NzgzNjl8MHwxfHNlYXJjaHw2fHxFeHBvcnRpbmd8ZW58MHx8fHwxNzYzMDQzODQ4fDA&ixlib=rb-4.1.0&q=80&w=1080","usages":[]},{"id":"user-image-photo-1725305753078-054211704641.jpeg","fileName":"photo-1725305753078-054211704641.jpeg","name":"photo-1725305753078-054211704641","publicUrl":"https://assets.nicepagecdn.com/f68ef07e/6588400/images/photo-1725305753078-054211704641.jpeg","size":189504,"hash":"LSix/Yfr86zQAnPlfdU3CrFzZdU=","width":1080,"height":806,"folderId":null,"thumbnail":{"url":"https://assets.nicepagecdn.com/f68ef07e/6588400/images/thumbnails/photo-1725305753078-054211704641.jpeg","width":150,"height":112},"originalUrl":"https://images.unsplash.com/photo-1725305753078-054211704641?crop=entropy&cs=tinysrgb&fit=max&fm=jpg&ixid=M3w1NzgzNjl8MHwxfHNlYXJjaHw5fHxFeHBvcnRpbmd8ZW58MHx8fHwxNzYzMDQzODQ4fDA&ixlib=rb-4.1.0&q=80&w=1080","usages":[]},{"id":"user-image-photo-1578575437130-527eed3abbec.jpeg","fileName":"photo-1578575437130-527eed3abbec.jpeg","name":"photo-1578575437130-527eed3abbec","publicUrl":"https://assets.nicepagecdn.com/f68ef07e/6588400/images/photo-1578575437130-527eed3abbec.jpeg","size":175756,"hash":"dUQAkgcoWMrW9oxJZnR34SfTE2Y=","width":1080,"height":720,"folderId":null,"thumbnail":{"url":"https://assets.nicepagecdn.com/f68ef07e/6588400/images/thumbnails/photo-1578575437130-527eed3abbec.jpeg","width":150,"height":100},"originalUrl":"https://images.unsplash.com/photo-1578575437130-527eed3abbec?crop=entropy&cs=tinysrgb&fit=max&fm=jpg&ixid=M3w1NzgzNjl8MHwxfHNlYXJjaHwxfHxFeHBvcnRpbmd8ZW58MHx8fHwxNzYzMDQzODQ4fDA&ixlib=rb-4.1.0&q=80&w=1080","usages":[]},{"id":"user-image-photo-1759243762535-53de76b2be75.jpeg","fileName":"photo-1759243762535-53de76b2be75.jpeg","name":"photo-1759243762535-53de76b2be75","publicUrl":"https://assets.nicepagecdn.com/f68ef07e/6588400/images/photo-1759243762535-53de76b2be75.jpeg","size":174074,"hash":"YpGcXjkWSUtPpCp81sbWPIvGPiQ=","width":1080,"height":608,"folderId":null,"thumbnail":{"url":"https://assets.nicepagecdn.com/f68ef07e/6588400/images/thumbnails/photo-1759243762535-53de76b2be75.jpeg","width":150,"height":84},"originalUrl":"https://images.unsplash.com/photo-1759243762535-53de76b2be75?crop=entropy&cs=tinysrgb&fit=max&fm=jpg&ixid=M3w1NzgzNjl8MHwxfHNlYXJjaHwxMXx8RXhwb3J0aW5nfGVufDB8fHx8MTc2MzA0Mzg0OHww&ixlib=rb-4.1.0&q=80&w=1080","usages":[]},{"id":"user-image-photo-1703977883249-d959f2b0c1ae.jpeg","fileName":"photo-1703977883249-d959f2b0c1ae.jpeg","name":"photo-1703977883249-d959f2b0c1ae","publicUrl":"https://assets.nicepagecdn.com/f68ef07e/6588400/images/photo-1703977883249-d959f2b0c1ae.jpeg","size":165904,"hash":"GzB3gc3xn7bwcdh2xHOUUyFS4rI=","width":1080,"height":720,"folderId":null,"thumbnail":{"url":"https://assets.nicepagecdn.com/f68ef07e/6588400/images/thumbnails/photo-1703977883249-d959f2b0c1ae.jpeg","width":150,"height":100},"originalUrl":"https://images.unsplash.com/photo-1703977883249-d959f2b0c1ae?crop=entropy&cs=tinysrgb&fit=max&fm=jpg&ixid=M3w1NzgzNjl8MHwxfHNlYXJjaHwzfHxFeHBvcnRpbmd8ZW58MHx8fHwxNzYzMDQzODQ4fDA&ixlib=rb-4.1.0&q=80&w=1080","usages":[]},{"id":"user-image-photo-1725399490099-51b3c4d3edbb.jpeg","fileName":"photo-1725399490099-51b3c4d3edbb.jpeg","name":"photo-1725399490099-51b3c4d3edbb","publicUrl":"https://assets.nicepagecdn.com/f68ef07e/6588400/images/photo-1725399490099-51b3c4d3edbb.jpeg","size":421341,"hash":"LmFsqrQ8tDt7xWsYcDxaDkbGsM4=","width":1080,"height":1440,"folderId":null,"thumbnail":{"url":"https://assets.nicepagecdn.com/f68ef07e/6588400/images/thumbnails/photo-1725399490099-51b3c4d3edbb.jpeg","width":113,"height":150},"originalUrl":"https://images.unsplash.com/photo-1725399490099-51b3c4d3edbb?crop=entropy&cs=tinysrgb&fit=max&fm=jpg&ixid=M3w1NzgzNjl8MHwxfHNlYXJjaHw1fHxFeHBvcnRpbmd8ZW58MHx8fHwxNzYzMDQzODQ4fDA&ixlib=rb-4.1.0&q=80&w=1080","usages":["903126078"]},{"id":"user-image-photo-1760156069659-b09983a6f99c.jpeg","fileName":"photo-1760156069659-b09983a6f99c.jpeg","name":"photo-1760156069659-b09983a6f99c","publicUrl":"https://assets.nicepagecdn.com/f68ef07e/6588400/images/photo-1760156069659-b09983a6f99c.jpeg","size":176157,"hash":"gKjEeJXCmBvvpdU3Nrrqo4l7Kk4=","width":1080,"height":608,"folderId":null,"thumbnail":{"url":"https://assets.nicepagecdn.com/f68ef07e/6588400/images/thumbnails/photo-1760156069659-b09983a6f99c.jpeg","width":150,"height":84},"originalUrl":"https://images.unsplash.com/photo-1760156069659-b09983a6f99c?crop=entropy&cs=tinysrgb&fit=max&fm=jpg&ixid=M3w1NzgzNjl8MHwxfHNlYXJjaHwxMnx8RXhwb3J0aW5nfGVufDB8fHx8MTc2MzA0Mzg0OHww&ixlib=rb-4.1.0&q=80&w=1080","usages":[]},{"id":"user-image-photo-1759298832071-b202c6f506d1.jpeg","fileName":"photo-1759298832071-b202c6f506d1.jpeg","name":"photo-1759298832071-b202c6f506d1","publicUrl":"https://assets.nicepagecdn.com/f68ef07e/6588400/images/photo-1759298832071-b202c6f506d1.jpeg","size":108437,"hash":"cSojH6M9EK1LzSVPgRfdXoOlup8=","width":1080,"height":608,"folderId":null,"thumbnail":{"url":"https://assets.nicepagecdn.com/f68ef07e/6588400/images/thumbnails/photo-1759298832071-b202c6f506d1.jpeg","width":150,"height":84},"originalUrl":"https://images.unsplash.com/photo-1759298832071-b202c6f506d1?crop=entropy&cs=tinysrgb&fit=max&fm=jpg&ixid=M3w1NzgzNjl8MHwxfHNlYXJjaHwxM3x8RXhwb3J0aW5nfGVufDB8fHx8MTc2MzA0Mzg0OHww&ixlib=rb-4.1.0&q=80&w=1080","usages":[]},{"id":"user-image-photo-1613690399151-65ea69478674.jpeg","fileName":"photo-1613690399151-65ea69478674.jpeg","name":"photo-1613690399151-65ea69478674","publicUrl":"https://assets.nicepagecdn.com/f68ef07e/6588400/images/photo-1613690399151-65ea69478674.jpeg","size":112635,"hash":"Y3WFdbDs6uRFsM6Cq3Gz8LEY6Vo=","width":1080,"height":718,"folderId":null,"thumbnail":{"url":"https://assets.nicepagecdn.com/f68ef07e/6588400/images/thumbnails/photo-1613690399151-65ea69478674.jpeg","width":150,"height":100},"usages":[]},{"id":"user-image-hero-bg.jpg","fileName":"hero-bg.jpg","name":"hero-bg","publicUrl":"https://assets.nicepagecdn.com/f68ef07e/6588400/images/hero-bg.jpg","size":431539,"hash":"i4rTfqtAo/SwZ1afJhmeMnk1xTM=","width":2560,"height":800,"folderId":null,"thumbnail":{"url":"https://assets.nicepagecdn.com/f68ef07e/6588400/images/thumbnails/hero-bg.jpg","width":150,"height":47},"usages":[]},{"id":"user-image-fb4cc57434c548571799ec879f0e927c96e394de1fde233066eafeaf3eed04bcd83d03aea7c110935339619e063c017f2a7a4fc79dc0812ed4a620_1280.png","fileName":"fb4cc57434c548571799ec879f0e927c96e394de1fde233066eafeaf3eed04bcd83d03aea7c110935339619e063c017f2a7a4fc79dc0812ed4a620_1280.png","name":"fb4cc57434c548571799ec879f0e927c96e394de1fde233066eafeaf3eed04bcd83d03aea7c110935339619e063c017f2a7a4fc79dc0812ed4a620_1280","publicUrl":"https://assets.nicepagecdn.com/f68ef07e/6588400/images/fb4cc57434c548571799ec879f0e927c96e394de1fde233066eafeaf3eed04bcd83d03aea7c110935339619e063c017f2a7a4fc79dc0812ed4a620_1280.png","size":448799,"hash":"75dpIrS0OTvdkQLqwOAr6zt0TTU=","width":1280,"height":720,"folderId":null,"thumbnail":{"url":"https://assets.nicepagecdn.com/f68ef07e/6588400/images/thumbnails/fb4cc57434c548571799ec879f0e927c96e394de1fde233066eafeaf3eed04bcd83d03aea7c110935339619e063c017f2a7a4fc79dc0812ed4a620_1280.png","width":150,"height":84},"usages":[]},{"id":"user-image-logo.png","fileName":"logo.png","name":"logo","publicUrl":"https://assets.nicepagecdn.com/f68ef07e/6588400/images/logo.png","size":1734708,"hash":"Fllun5uhQkV9PL985i0ub/lhL0I=","width":1536,"height":1024,"folderId":null,"thumbnail":{"url":"https://assets.nicepagecdn.com/f68ef07e/6588400/images/thumbnails/logo.png","width":150,"height":100},"usages":[]}]