[{"id":77325993,"title":"Blog Template","order":1,"templateKey":"blog","customTemplate":false,"customTemplateFilename":null,"pageLinks":[],"dateCreated":"2025-11-13T13:41:19.143Z","dateUpdated":"2025-11-13T13:41:28.604Z","folderId":null,"pageName":"Blog Template","sectionCount":1,"status":2},{"id":165075627,"title":"Post Template","order":2,"templateKey":"post","customTemplate":false,"customTemplateFilename":null,"pageLinks":[],"dateCreated":"2025-11-13T13:41:19.326Z","dateUpdated":"2025-11-13T13:41:28.604Z","folderId":null,"pageName":"Post Template","sectionCount":1,"status":2},{"id":187772493,"title":"Product List Template","order":3,"templateKey":"products","customTemplate":false,"customTemplateFilename":null,"pageLinks":[],"dateCreated":"2025-11-13T13:41:19.476Z","dateUpdated":"2025-11-13T15:58:58.939Z","folderId":null,"pageName":"Product List Template","sectionCount":1,"status":2},{"id":6128279,"title":"Product Details Template","order":4,"templateKey":"product","customTemplate":false,"customTemplateFilename":null,"pageLinks":[],"dateCreated":"2025-11-13T13:41:19.651Z","dateUpdated":"2025-11-13T13:41:28.605Z","folderId":null,"pageName":"Product Details Template","sectionCount":1,"status":2},{"id":58567165,"title":"Shopping Cart Template","order":5,"templateKey":"cart","customTemplate":false,"customTemplateFilename":null,"pageLinks":[],"dateCreated":"2025-11-13T13:41:19.801Z","dateUpdated":"2025-11-13T13:41:28.605Z","folderId":null,"pageName":"Shopping Cart Template","sectionCount":1,"status":2},{"id":65377250,"title":"Login Template","order":7,"templateKey":"login","customTemplate":false,"customTemplateFilename":null,"pageLinks":[],"dateCreated":"2025-11-13T13:41:19.921Z","dateUpdated":"2025-11-13T13:41:28.605Z","folderId":null,"pageName":"Login Template","sectionCount":1,"status":2},{"id":74637040,"title":"Search Template","order":8,"templateKey":"Search","customTemplate":false,"customTemplateFilename":null,"pageLinks":[],"dateCreated":"2025-11-13T13:41:19.976Z","dateUpdated":"2025-11-13T13:41:28.605Z","folderId":null,"pageName":"Search Template","sectionCount":1,"status":2},{"id":252313558,"title":"Password Template","order":9,"templateKey":"password","customTemplate":false,"customTemplateFilename":null,"pageLinks":[],"dateCreated":"2025-11-13T13:41:20.039Z","dateUpdated":"2025-11-13T13:41:28.605Z","folderId":null,"pageName":"Password Template","sectionCount":1,"status":2},{"id":69722438,"title":"404 Not Found Template","order":10,"templateKey":"404","customTemplate":false,"customTemplateFilename":null,"pageLinks":[],"dateCreated":"2025-11-13T13:41:20.098Z","dateUpdated":"2025-11-13T13:41:28.605Z","folderId":null,"pageName":"404 Not Found Template","sectionCount":1,"status":2},{"id":467428711,"title":"Thank You Template","order":11,"templateKey":"ThankYou","customTemplate":false,"customTemplateFilename":null,"pageLinks":[],"dateCreated":"2025-11-13T13:41:20.163Z","dateUpdated":"2025-11-13T13:41:28.605Z","folderId":null,"pageName":"Thank You Template","sectionCount":1,"status":2},{"id":27977707,"title":"Products","order":50,"templateKey":null,"customTemplate":false,"customTemplateFilename":null,"pageLinks":[],"dateCreated":"2025-11-13T13:41:33.563Z","dateUpdated":"2025-11-13T16:11:52.333Z","folderId":null,"pageName":"Products_27977707","sectionCount":2,"status":2},{"id":1345125321,"title":"About","order":100,"templateKey":null,"customTemplate":false,"customTemplateFilename":null,"pageLinks":["1345125321"],"dateCreated":"2025-11-13T13:41:20.461Z","dateUpdated":"2025-11-13T15:33:33.332Z","folderId":null,"pageName":"About_1345125321","sectionCount":2,"status":2},{"id":252116095,"title":"Contact Us","order":101,"templateKey":null,"customTemplate":false,"customTemplateFilename":null,"pageLinks":[],"dateCreated":"2025-11-13T13:41:20.507Z","dateUpdated":"2025-11-13T15:12:36.367Z","folderId":null,"pageName":"Contact Us_252116095","sectionCount":2,"status":2},{"id":903126078,"title":"Home","order":103,"templateKey":null,"customTemplate":false,"customTemplateFilename":null,"pageLinks":[],"dateCreated":"2025-11-13T14:27:22.884Z","dateUpdated":"2025-11-13T16:13:03.984Z","folderId":null,"pageName":"Home_903126078","sectionCount":3,"status":2}]